case,repetition,engine,errors,elapsed_s,objects_s,payload_mib_s,operations,batches,get_attempts,hits,origins,hit_ratio,byte_hit_ratio,origin_per_1000_gets,origin_bytes,origin_bytes_avoided,p50_ms,p95_ms,p99_ms,p999_ms,samples,warmup_stable,dropped_arrivals,server_cpu_s,server_cpu_us_per_object,server_memory_current_bytes,server_memory_peak_bytes,cgroup_io_rbytes_delta,cgroup_io_wbytes_delta,cgroup_io_rios_delta,cgroup_io_wios_delta,client_cpu_s,client_memory_peak_bytes,flash_file_logical_bytes,flash_file_allocated_bytes,nvm_hits_delta,nvm_written_bytes_delta,nvm_device_bytes_written_delta,nvm_device_bytes_read_delta,extstore_objects_read_delta,extstore_bytes_written_delta,extstore_bytes_read_delta,evictions_delta,cache_item_count_after,cache_used_bytes_after,flash_hits,inferred_dram_hits,flash_hit_ratio,inferred_dram_hit_ratio
hit_100b_c8,r0,grpc,0,10.00008413,40876.05610973995,3.8982444867839767,408764,408764,408764,408764,0,1.0,1.0,0.0,0,40876400,0.166833,0.311333,1.1107697899999993,1.9779991379999995,408764,True,0,24.901659,60.91940337211692,23232512,27045888,0,0,0,0,17.45183,33505280,0,0,0,0,0,0,0,0,,0,1002,12580544,0,408764,0,1.0
hit_100b_c8,r0,memcached,0,10.000070922,104716.65732852288,9.98655865941266,1047174,1047174,1047174,1047174,0,1.0,1.0,0.0,0,104717400,0.075792,0.111292,0.127625,0.21949273399999997,1047174,True,0,12.563745,11.997762549490343,7086080,7720960,0,0,0,0,22.675073,70221824,0,0,0,0,0,0,0,0,,0,1000,183890,,,,
hit_100b_c8,r0,redis,0,10.000052629,108483.82906045603,10.345824152036288,1084844,1084844,1084844,1084844,0,1.0,1.0,0.0,0,108484400,0.075,0.106792,0.118625,0.256875,1084844,True,0,7.022149,6.472957402170266,12169216,13479936,0,0,0,0,17.923828,68702208,0,0,0,0,0,0,0,0,,0,,1423000,,,,
hit_16k_c8,r0,grpc,0,10.000256588,30722.91168695361,480.04549510865013,307237,307237,307237,307237,0,1.0,1.0,0.0,0,5033771008,0.181042,0.8831003999999989,1.7005763599999995,2.3249914999999994,307237,True,0,20.676495,67.29819325146386,40599552,46477312,0,0,0,0,15.706059,27860992,0,0,0,0,0,0,0,0,,0,1002,29357760,0,307237,0,1.0
hit_16k_c8,r0,memcached,0,10.000072255,88704.45906593102,1386.0071729051722,887051,887051,887051,887051,0,1.0,1.0,0.0,0,14533443584,0.077666,0.157459,0.39864549999999965,1.4533582999999999,887051,True,0,14.935407,16.837145778540354,23560192,26009600,0,0,0,0,23.489444,58298368,0,0,0,0,0,0,0,0,,0,1000,16466890,,,,
hit_16k_c8,r0,redis,0,10.000050171,90998.94344920083,1421.858491393763,909994,909994,909994,909994,0,1.0,1.0,0.0,0,14909341696,0.078167,0.138583,0.2872148099999994,1.300958,909994,True,0,8.961038,9.84735943313912,32600064,34058240,0,0,0,0,19.004833,55607296,0,0,0,0,0,0,0,0,,0,,21790904,,,,
hit_1k_c1,r0,grpc,0,10.000059963,8796.247255062584,8.590085210022055,87963,87963,87963,87963,0,1.0,1.0,0.0,0,90074112,0.111166,0.135584,0.15354138,0.34111574999999966,87963,True,0,7.976522,90.68042245034844,19640320,25186304,0,0,0,0,5.787874,14168064,0,0,0,0,0,0,0,0,,0,1002,8387424,0,87963,0,1.0
hit_1k_c1,r0,memcached,0,10.00002913,19687.342650770857,19.225920557393415,196874,196874,196874,196874,0,1.0,1.0,0.0,0,201598976,0.049875,0.061625,0.071709,0.10639779099999985,196874,True,0,3.271773,16.618613935816818,6598656,7659520,0,0,0,0,4.188402,16240640,0,0,0,0,0,0,0,0,,0,1000,1105890,,,,
hit_1k_c1,r0,redis,0,10.000040671,18138.2262300201,17.713111552754004,181383,181383,181383,181383,0,1.0,1.0,0.0,0,185736192,0.0555,0.068875,0.07841617999999999,0.18886383799999987,181383,True,0,3.339736,18.412618602625383,13000704,13881344,0,0,0,0,4.20746,16687104,0,0,0,0,0,0,0,0,,0,,2590776,,,,
hit_1k_c16,r0,grpc,0,10.000225213,58875.07405679464,57.49518950858852,588764,588764,588764,588764,0,1.0,1.0,0.0,0,602894336,0.2285,0.489417,1.3195155399999998,2.2130090919999996,588764,True,0,28.383365,48.20839079835044,21676032,27734016,0,0,0,0,23.147244,47616000,0,0,0,0,0,0,0,0,,0,1002,8387424,0,588764,0,1.0
hit_1k_c16,r0,memcached,0,10.00004388,257609.26961052496,251.57155235402828,2576104,2576104,2576104,2576104,0,1.0,1.0,0.0,0,2637930496,0.051958,0.122833,0.18725,0.8932327989999996,2576104,True,0,21.551562,8.365951840453647,6369280,7688192,0,0,0,0,32.531188,137867264,0,0,0,0,0,0,0,0,,0,1000,1106890,,,,
hit_1k_c16,r0,redis,0,10.000062838,207976.39311794093,203.1019464042392,2079777,2079777,2079777,2079777,0,1.0,1.0,0.0,0,2129691648,0.073584,0.132208,0.17859383999999923,0.486917,2079777,True,0,9.662937,4.646140908376235,12828672,13905920,0,0,0,0,26.426442,118263808,0,0,0,0,0,0,0,0,,0,,2590920,,,,
hit_1k_c4,r0,grpc,0,10.00011763,23005.229389486693,22.466044325670598,230055,230055,230055,230055,0,1.0,1.0,0.0,0,235576320,0.151,0.261292,0.86614432,1.9553812679999996,230055,True,0,21.299646,92.5850166264589,20500480,26730496,0,0,0,0,12.623758,20910080,0,0,0,0,0,0,0,0,,0,1002,8387424,0,230055,0,1.0
hit_1k_c4,r0,memcached,0,10.000018921,50630.90420126616,49.444242384048984,506310,506310,506310,506310,0,1.0,1.0,0.0,0,518461440,0.076667,0.103084,0.137542,0.4167171249999998,506310,True,0,9.435389,18.635596768778022,6852608,7667712,0,0,0,0,16.86981,33579008,0,0,0,0,0,0,0,0,,0,1000,1105890,,,,
hit_1k_c4,r0,redis,0,10.000047838,60545.01036477942,59.1259866843549,605453,605453,605453,605453,0,1.0,1.0,0.0,0,619983872,0.063375,0.082375,0.09935315999999977,0.24389103199999984,605453,True,0,4.377851,7.2307032915849785,13029376,13942784,0,0,0,0,13.25479,36622336,0,0,0,0,0,0,0,0,,0,,2590904,,,,
hit_1m_c4,r0,grpc,0,10.001808504,2054.828383464919,2054.828383464919,20552,20552,20552,20552,0,1.0,1.0,0.0,0,21550333952,1.669729,3.8141955,4.9039825,6.004895233,20552,True,0,19.225837,935.4728007006618,99352576,115720192,0,0,0,0,11.537914,59215872,0,0,0,0,0,0,0,0,,0,42,67106496,0,20552,0,1.0
hit_1m_c4,r0,memcached,0,10.000377837,4065.246399949598,4065.246399949598,40654,40654,40654,40654,0,1.0,1.0,0.0,0,42628808704,0.6999585,2.4149732499999987,3.5051024999999996,4.871021875,40654,True,0,7.340425,180.5584936291632,48881664,53596160,0,0,0,0,14.457416,129454080,0,0,0,0,0,0,0,0,,0,40,41946270,,,,
hit_1m_c4,r0,redis,0,10.001113421,2884.0788806008686,2884.0788806008686,28844,28844,28844,28844,0,1.0,1.0,0.0,0,30245126144,1.1144585,3.0942669499999997,4.082933369999999,5.429350561999999,28844,True,0,4.664704,161.72181389543752,59400192,64352256,0,0,0,0,11.934563,42790912,0,0,0,0,0,0,0,0,,0,,53680344,,,,
hit_256k_c8,r0,grpc,0,10.000902879,7846.791529671048,1961.697882417762,78475,78475,78475,78475,0,1.0,1.0,0.0,0,20571750400,0.674125,2.7143376999999975,3.78610532,5.217436749999997,78475,True,0,18.101003,230.6594839120739,77033472,84389888,0,0,0,0,13.678784,44814336,0,0,0,0,0,0,0,0,,0,162,62912192,0,78475,0,1.0
hit_256k_c8,r0,memcached,0,10.002558629,13708.192582092188,3427.048145523047,137117,137117,137117,137117,0,1.0,1.0,0.0,0,35944398848,0.314333,1.8949419999999992,2.9447387199999997,4.998350743999997,137117,True,0,7.329949,53.4576237811504,62361600,65679360,0,0,0,0,15.353082,141438976,0,0,0,0,0,0,0,0,,0,160,41956370,,,,
hit_256k_c8,r0,redis,0,10.000393296,12109.923721544,3027.480930386,121104,121104,121104,121104,0,1.0,1.0,0.0,0,31746686976,0.416041,1.9075775499999998,2.72790601,4.147071673999998,121104,True,0,5.489729,45.33069923371647,57348096,61542400,0,0,0,0,13.663976,123097088,0,0,0,0,0,0,0,0,,0,,53688184,,,,
hit_64k_c8,r0,grpc,0,10.000698837,20849.342970770635,1303.0839356731647,208508,208508,208508,208508,0,1.0,1.0,0.0,0,13664780288,0.277708,1.2665101999999981,2.004875,3.2440913749999996,208508,True,0,19.304024,92.58169470715752,89681920,95502336,0,0,0,0,17.44804,38744064,0,0,0,0,0,0,0,0,,0,1002,75495104,0,208508,0,1.0
hit_64k_c8,r0,memcached,0,10.000135087,42740.92262569853,2671.307664106158,427415,427415,427415,427415,0,1.0,1.0,0.0,0,28011069440,0.106625,0.6799162999999999,1.3839942599999997,2.1198242499999997,427415,True,0,10.384523,24.29611267737445,76455936,78520320,0,0,0,0,19.755114,43114496,0,0,0,0,0,0,0,0,,0,1000,65618890,,,,
hit_64k_c8,r0,redis,0,10.000127087,39335.10010201333,2458.4437563758333,393356,393356,393356,393356,0,1.0,1.0,0.0,0,25778978816,0.140042,0.658625,1.3032411499999994,1.9728882149999998,393356,True,0,6.783016,17.243962212347085,83308544,84664320,0,0,0,0,16.18996,29487104,0,0,0,0,0,0,0,0,,0,,83230808,,,,
mixed_1k_c8,r0,grpc,0,10.000163464,39697.251092854734,19.38327690320243,396979,396979,198488,198488,0,1.0,1.0,0.0,0,203251712,0.1695,0.33087909999999926,1.081333,2.0349153259999992,396979,True,0,25.914093,65.27824645636167,21450752,27406336,0,0,0,0,17.424665,31813632,0,0,0,0,0,0,0,0,,0,1002,8381504,0,198488,0,1.0
mixed_1k_c8,r0,memcached,0,10.000073838,102063.34638466296,49.835374213063886,1020641,1020641,510318,510318,0,1.0,1.0,0.0,0,522565632,0.077,0.115084,0.143625,0.2731289999999999,1020641,True,0,13.026626,12.763181177318959,6819840,7708672,0,0,0,0,22.639417,67620864,0,0,0,0,0,0,0,0,,0,1000,1107890,,,,
mixed_1k_c8,r0,redis,0,10.000053921,108598.81442433276,53.0266671999078,1085994,1085994,542996,542996,0,1.0,1.0,0.0,0,556027904,0.075292,0.11025,0.131292,0.29462587499999987,1085994,True,0,7.567977,6.968709771877193,13021184,13893632,0,0,0,0,19.070627,69967872,0,0,0,0,0,0,0,0,,0,,2590952,,,,
readheavy_1k_c8,r0,grpc,0,10.000154963,39551.1871029393,34.76157069927197,395518,395518,355964,355964,0,1.0,1.0,0.0,0,364507136,0.168208,0.337167,1.111917,2.066135358,395518,True,0,26.005366,65.75014537897137,21209088,24891392,0,0,0,0,16.837401,36777984,0,0,0,0,0,0,0,0,,0,1002,8385056,0,355964,0,1.0
readheavy_1k_c8,r0,memcached,0,10.000031296,102796.27828876747,90.34786177858179,1027966,1027966,925165,925165,0,1.0,1.0,0.0,0,947368960,0.076458,0.114792,0.141584,0.29688812499999967,1027966,True,0,12.720644,12.374576591054568,6815744,7671808,0,0,0,0,22.956628,71233536,0,0,0,0,0,0,0,0,,0,1000,1111890,,,,
readheavy_1k_c8,r0,redis,0,10.000056837,108121.6854687763,95.02836613727538,1081223,1081223,973096,973096,0,1.0,1.0,0.0,0,996450304,0.075958,0.109917,0.134125,0.310125,1081223,True,0,7.385152,6.830368943316966,12759040,13885440,0,0,0,0,18.985244,67518464,0,0,0,0,0,0,0,0,,0,,2591368,,,,
