engine,case,version,value_bytes,pattern,mode,concurrency,operations,batches,ops_s,payload_mib_s,p50_ms,p95_ms,p99_ms,p999_ms,errors,hits,read_operations,hit_ratio,origin_requests,origin_bytes_avoided,nvm_hits_delta,cpu_us_per_op,server_cpu_cores,memory_after_mib,disk_read_mib,disk_write_mib,raw_path
grpc,batch_1k_16-0,,1024,uniform,hit,1,3200,200,91780.50509514107,89.6293995069737,0.1676255,0.20791874999999999,0.21792216999999992,,0,0,3200,,,,0,35.860625,3.291306275527443,144.8359375,0.0,0.0,bench/investigation/runs/2026-09-23-matrix-fixed-1.6/grpc/batch_1k_16-0/result.json
memcached,batch_1k_16-0,,1024,uniform,hit,1,3200,200,137519.07001940726,134.2959668158274,0.1067085,0.15957019999999997,0.18669033,,0,0,3200,,,,0,5.9090625,0.8126087796865537,6.98046875,0.0,0.0,bench/investigation/runs/2026-09-23-batch-fixed/memcached/batch_1k_16-0/result.json
redis,batch_1k_16-0,,1024,uniform,hit,1,3200,200,129431.51253485061,126.39796145981505,0.12608350000000002,0.16198395,0.19020657999999996,,0,0,3200,,,,0,10.193125,1.3193115862067992,12.5,0.0,0.0,bench/investigation/runs/2026-09-23-matrix-1.6/redis/batch_1k_16-0/result.json
valkey,batch_1k_16-0,,1024,uniform,hit,1,3200,200,117999.17791137283,115.23357217907503,0.127625,0.163259,0.20379749999999994,,0,0,3200,,,,0,10.4503125,1.2331282839169433,11.83984375,0.0,0.0,bench/investigation/runs/2026-09-23-matrix-1.6/valkey/batch_1k_16-0/result.json
grpc,bypass_onepass_64k-0,1.6.0,65536,one_pass,bypass,1,500,,149.74703414692473,0.0,6.819333,7.4294312499999995,7.64448334,,0,0,500,0.0,500,0,0,88.244,0.013214277281261224,144.765625,0.0,0.0,bench/investigation/runs/2026-09-23-matrix-fixed-1.6/grpc/bypass_onepass_64k-0/result.json
memcached,bypass_onepass_64k-0,1.6.45,65536,one_pass,bypass,1,500,,150.59694746021862,0.0,6.7327085,7.4022681,7.716385089999999,,0,0,500,0.0,500,0,0,21.122,0.003180908724254738,4.49609375,0.0,0.0,bench/investigation/runs/2026-09-23-matrix-1.6/memcached/bypass_onepass_64k-0/result.json
memcached_extstore,bypass_onepass_64k-0,1.6.45,65536,one_pass,bypass,1,500,,150.23996694105787,0.0,6.8090209999999995,7.3892348,7.60848459,,0,0,500,0.0,500,0,0,90.404,0.013582293971339397,5.953125,0.0,0.0,bench/investigation/runs/2026-09-23-matrix-fixed-1.6/memcached_extstore/bypass_onepass_64k-0/result.json
redis,bypass_onepass_64k-0,8.2.10,65536,one_pass,bypass,1,500,,148.5162005561491,0.0,6.868625,7.326817299999998,7.636462,,0,0,500,0.0,500,0,0,93.954,0.013953691107052432,11.8515625,0.0,0.0,bench/investigation/runs/2026-09-23-matrix-1.6/redis/bypass_onepass_64k-0/result.json
valkey,bypass_onepass_64k-0,8.1.10,65536,one_pass,bypass,1,500,,155.9938389099355,0.0,6.3102915,7.35085385,7.524024409999999,,0,0,500,0.0,500,0,0,28.484,0.004443328507510603,10.2890625,0.0,0.0,bench/investigation/runs/2026-09-23-matrix-1.6/valkey/bypass_onepass_64k-0/result.json
grpc,hit_100b-0,1.6.0,100,uniform,hit,1,3000,,7561.272297481707,0.7210991189462382,0.129875,0.16330239999999993,0.18862582999999997,,0,3000,3000,1.0,0,300000,0,104.862,0.7928901356585267,147.07421875,0.0,0.0,bench/investigation/runs/2026-09-23-matrix-fixed-1.6/grpc/hit_100b-0/result.json
memcached,hit_100b-0,1.6.45,100,uniform,hit,1,3000,,19725.41122900426,1.8811618069652807,0.0513125,0.07342114999999998,0.09450790999999982,,0,3000,3000,1.0,0,300000,0,21.668,0.42741021051006434,6.5,0.0,0.0,bench/investigation/runs/2026-09-23-matrix-1.6/memcached/hit_100b-0/result.json
redis,hit_100b-0,8.2.10,100,uniform,hit,1,3000,,15193.742398372391,1.4489881895420447,0.0627295,0.07979105,0.09854365999999996,,0,3000,3000,1.0,0,300000,0,29.500666666666667,0.44822552991358444,11.921875,0.0,0.0,bench/investigation/runs/2026-09-23-matrix-1.6/redis/hit_100b-0/result.json
valkey,hit_100b-0,8.1.10,100,uniform,hit,1,3000,,15931.050414266092,1.5193033613458722,0.061042,0.07600204999999999,0.09692282999999986,,0,3000,3000,1.0,0,300000,0,28.084333333333333,0.447412930184387,10.2890625,0.0,0.0,bench/investigation/runs/2026-09-23-matrix-1.6/valkey/hit_100b-0/result.json
grpc,hit_16k-0,1.6.0,16384,uniform,hit,1,2500,,5584.484213848631,87.25756584138486,0.14475,0.3039121999999996,0.7160721699999884,,0,2500,2500,1.0,0,40960000,0,155.8352,0.8702592143619442,163.80859375,0.0,0.0,bench/investigation/runs/2026-09-23-matrix-fixed-1.6/grpc/hit_16k-0/result.json
memcached,hit_16k-0,1.6.45,16384,uniform,hit,1,2500,,20673.252072878488,323.01956363872637,0.042167,0.07762709999999999,0.10470924999999996,,0,2500,2500,1.0,0,40960000,0,25.0588,0.5180468890438474,22.83203125,0.0,0.0,bench/investigation/runs/2026-09-23-matrix-1.6/memcached/hit_16k-0/result.json
memcached_extstore,hit_16k-0,1.6.45,16384,uniform,hit,1,2500,,15400.65974516415,240.63530851818985,0.064583,0.08821214999999998,0.102417,,0,2500,2500,1.0,0,40960000,0,63.9692,0.9851678833703545,23.06640625,0.0,0.0,bench/investigation/runs/2026-09-23-matrix-fixed-1.6/memcached_extstore/hit_16k-0/result.json
redis,hit_16k-0,8.2.10,16384,uniform,hit,1,2500,,12341.839329064816,192.84123951663776,0.077375,0.10558719999999998,0.1375963399999997,,0,2500,2500,1.0,0,40960000,0,44.0476,0.5436284020309153,31.234375,0.0,0.0,bench/investigation/runs/2026-09-23-matrix-1.6/redis/hit_16k-0/result.json
valkey,hit_16k-0,8.1.10,16384,uniform,hit,1,2500,,14054.316628035896,219.59869731306088,0.0716665,0.09062709999999999,0.11871357999999989,,0,2500,2500,1.0,0,40960000,0,38.1468,0.5361272055463597,29.625,0.0,0.0,bench/investigation/runs/2026-09-23-matrix-1.6/valkey/hit_16k-0/result.json
grpc,hit_1k_c1-0,1.6.0,1024,uniform,hit,1,3000,,6667.735964062093,6.511460902404388,0.13618750000000002,0.19059549999999995,0.325459579999998,,0,3000,3000,1.0,0,3072000,0,117.80433333333333,0.7854881900890256,145.30078125,0.0,0.0,bench/investigation/runs/2026-09-23-matrix-fixed-1.6/grpc/hit_1k_c1-0/result.json
memcached,hit_1k_c1-0,1.6.45,1024,uniform,hit,1,3000,,17209.737526754823,16.806384303471507,0.054833,0.07225204999999998,0.08445924999999997,,0,3000,3000,1.0,0,3072000,0,22.881,0.3937760043496771,6.34375,0.0,0.0,bench/investigation/runs/2026-09-23-matrix-1.6/memcached/hit_1k_c1-0/result.json
redis,hit_1k_c1-0,8.2.10,1024,uniform,hit,1,3000,,15323.879776048261,14.96472634379713,0.0627085,0.081542,0.10354741999999986,,0,3000,3000,1.0,0,3072000,0,30.147,0.46196900360852694,12.48046875,0.0,0.0,bench/investigation/runs/2026-09-23-matrix-1.6/redis/hit_1k_c1-0/result.json
valkey,hit_1k_c1-0,8.1.10,1024,uniform,hit,1,3000,,15159.959631767406,14.804648077897857,0.062541,0.07825209999999999,0.09550791999999982,,0,3000,3000,1.0,0,3072000,0,29.866,0.45276735436236537,11.05078125,0.0,0.0,bench/investigation/runs/2026-09-23-matrix-1.6/valkey/hit_1k_c1-0/result.json
grpc,hit_1k_c1-1,1.6.0,1024,uniform,hit,1,3000,,6837.646453101521,6.677389114356954,0.142146,0.173583,0.1990536699999997,,0,3000,3000,1.0,0,3072000,0,117.548,0.8037516652691776,145.0703125,0.0,0.0,bench/investigation/runs/2026-09-23-matrix-fixed-1.6/grpc/hit_1k_c1-1/result.json
memcached,hit_1k_c1-1,1.6.45,1024,uniform,hit,1,3000,,16883.157995032972,16.487458979524387,0.055417,0.076709,0.09045940999999999,,0,3000,3000,1.0,0,3072000,0,23.656,0.3993879855305,6.2265625,0.0,0.0,bench/investigation/runs/2026-09-23-matrix-1.6/memcached/hit_1k_c1-1/result.json
redis,hit_1k_c1-1,8.2.10,1024,uniform,hit,1,3000,,15209.88693332709,14.853405208327237,0.06372900000000001,0.0816271,0.10625458999999988,,0,3000,3000,1.0,0,3072000,0,29.706,0.45182490124141456,12.78125,0.0,0.0,bench/investigation/runs/2026-09-23-matrix-1.6/redis/hit_1k_c1-1/result.json
valkey,hit_1k_c1-1,8.1.10,1024,uniform,hit,1,3000,,14946.497740696088,14.596189199898523,0.0633955,0.08029614999999998,0.10585523999999949,,0,3000,3000,1.0,0,3072000,0,29.807666666666666,0.44552022248875545,11.29296875,0.0,0.0,bench/investigation/runs/2026-09-23-matrix-1.6/valkey/hit_1k_c1-1/result.json
grpc,hit_1k_c8-0,1.6.0,1024,uniform,hit,8,3000,,10310.184760917979,10.068539805583963,0.6373125,1.457733,1.9625181599999986,,0,3000,3000,1.0,0,3072000,0,145.165,1.4966779708186582,145.5234375,0.0,0.0,bench/investigation/runs/2026-09-23-matrix-fixed-1.6/grpc/hit_1k_c8-0/result.json
memcached,hit_1k_c8-0,1.6.45,1024,uniform,hit,8,3000,,12782.286573366786,12.482701731803502,0.468604,1.2324826999999983,1.729462419999996,,0,3000,3000,1.0,0,3072000,0,25.641,0.32775061002769773,6.625,0.0,0.0,bench/investigation/runs/2026-09-23-matrix-1.6/memcached/hit_1k_c8-0/result.json
redis,hit_1k_c8-0,8.2.10,1024,uniform,hit,8,3000,,9247.253042433436,9.030520549251403,0.7123125,1.7704038499999994,2.7899631599999912,,0,3000,3000,1.0,0,3072000,0,29.454,0.2723685911118344,12.57421875,0.0,0.0,bench/investigation/runs/2026-09-23-matrix-1.6/redis/hit_1k_c8-0/result.json
valkey,hit_1k_c8-0,8.1.10,1024,uniform,hit,8,3000,,9192.311202817013,8.976866409000989,0.7204585,1.76629935,2.3019338299999976,,0,3000,3000,1.0,0,3072000,0,28.786,0.2646098702842905,11.328125,0.0,0.0,bench/investigation/runs/2026-09-23-matrix-1.6/valkey/hit_1k_c8-0/result.json
grpc,hit_64k-0,1.6.0,65536,uniform,hit,1,2000,,4990.431371901127,311.90196074382044,0.19425,0.24542529999999999,0.28421926000000003,,0,2000,2000,1.0,0,131072000,0,163.765,0.817257993619388,177.890625,0.0,0.0,bench/investigation/runs/2026-09-23-matrix-fixed-1.6/grpc/hit_64k-0/result.json
memcached,hit_64k-0,1.6.45,65536,uniform,hit,1,2000,,11030.554846388057,689.4096778992536,0.0875205,0.10429405,0.12704407999999998,,0,2000,2000,1.0,0,131072000,0,49.288,0.5436739872687746,39.515625,0.0,0.0,bench/investigation/runs/2026-09-23-matrix-1.6/memcached/hit_64k-0/result.json
memcached_extstore,hit_64k-0,1.6.45,65536,uniform,hit,1,2000,,11543.833838793873,721.4896149246171,0.08806249999999999,0.1153423,0.13693892,,0,2000,2000,1.0,0,131072000,0,128.278,1.4808199171728005,40.3984375,0.0,0.0,bench/investigation/runs/2026-09-23-matrix-fixed-1.6/memcached_extstore/hit_64k-0/result.json
redis,hit_64k-0,8.2.10,65536,uniform,hit,1,2000,,10231.95849893179,639.4974061832369,0.0932705,0.12376874999999998,0.15160174999999998,,0,2000,2000,1.0,0,131072000,0,57.327,0.5865674848682627,45.78125,0.0,0.0,bench/investigation/runs/2026-09-23-matrix-1.6/redis/hit_64k-0/result.json
valkey,hit_64k-0,8.1.10,65536,uniform,hit,1,2000,,10668.63919839768,666.789949899855,0.089333,0.1107521,0.15071467,,0,2000,2000,1.0,0,131072000,0,54.133,0.5775254457268616,43.5625,0.0,0.0,bench/investigation/runs/2026-09-23-matrix-1.6/valkey/hit_64k-0/result.json
grpc,media_1m-0,1.6.0,1048576,uniform,hit,1,500,,976.9850803930966,976.9850803930966,1.0431249999999999,1.2769690499999997,1.4450429199999997,,0,500,500,1.0,0,524288000,0,1158.446,1.1317844584410612,212.921875,0.0,0.0,bench/investigation/runs/2026-09-23-matrix-fixed-1.6/grpc/media_1m-0/result.json
memcached,media_1m-0,1.6.45,1048576,uniform,hit,1,500,,1976.918808625368,1976.918808625368,0.4849165,0.6339145999999998,0.71414024,,0,500,500,1.0,0,524288000,0,352.684,0.6972276331012293,46.15234375,0.0,0.0,bench/investigation/runs/2026-09-23-matrix-1.6/memcached/media_1m-0/result.json
memcached_extstore,media_1m-0,1.6.45,1048576,uniform,hit,1,500,,1741.1286994487857,1741.1286994487857,0.567542,0.7514725999999999,0.8695319999999999,,0,500,500,1.0,0,524288000,0,522.742,0.9101610986072571,47.09765625,0.0,0.0,bench/investigation/runs/2026-09-23-matrix-fixed-1.6/memcached_extstore/media_1m-0/result.json
redis,media_1m-0,8.2.10,1048576,uniform,hit,1,500,,1119.566743428687,1119.566743428687,0.8096460000000001,1.07090895,1.1780358399999997,,0,500,500,1.0,0,524288000,0,276.302,0.3093385303428331,54.3359375,0.0,0.0,bench/investigation/runs/2026-09-23-matrix-1.6/redis/media_1m-0/result.json
valkey,media_1m-0,8.1.10,1048576,uniform,hit,1,500,,1202.700544771716,1202.700544771716,0.7602705000000001,1.00387885,1.0696258299999999,,0,500,500,1.0,0,524288000,0,255.0,0.3066886389167876,52.71875,0.0,0.0,bench/investigation/runs/2026-09-23-matrix-1.6/valkey/media_1m-0/result.json
grpc,media_256k-0,1.6.0,262144,uniform,hit,1,1000,,2730.0179489642437,682.5044872410609,0.336896,0.47060864999999996,1.0476337499999997,,0,1000,1000,1.0,0,262144000,0,335.133,0.9149191052902339,198.328125,0.0,0.0,bench/investigation/runs/2026-09-23-matrix-fixed-1.6/grpc/media_256k-0/result.json
memcached,media_256k-0,1.6.45,262144,uniform,hit,1,1000,,6961.313931728273,1740.3284829320683,0.1407495,0.1781333,0.21837709000000002,,0,1000,1000,1.0,0,262144000,0,107.366,0.7474084315939378,59.26953125,0.0,0.0,bench/investigation/runs/2026-09-23-matrix-1.6/memcached/media_256k-0/result.json
memcached_extstore,media_256k-0,1.6.45,262144,uniform,hit,1,1000,,6787.942675149362,1696.9856687873405,0.144187,0.19046215,0.21863084000000002,,0,1000,1000,1.0,0,262144000,0,355.932,2.416046012251263,60.77734375,0.0,0.0,bench/investigation/runs/2026-09-23-matrix-fixed-1.6/memcached_extstore/media_256k-0/result.json
redis,media_256k-0,8.2.10,262144,uniform,hit,1,1000,,4553.746151420501,1138.4365378551252,0.212375,0.2608889499999999,0.33254366,,0,1000,1000,1.0,0,262144000,0,102.213,0.4654520553751436,53.6484375,0.0,0.0,bench/investigation/runs/2026-09-23-matrix-1.6/redis/media_256k-0/result.json
valkey,media_256k-0,8.1.10,262144,uniform,hit,1,1000,,4683.126939919244,1170.781734979811,0.205042,0.2677440499999999,0.32403649999999995,,0,1000,1000,1.0,0,262144000,0,94.692,0.4434546561948331,52.2890625,0.0,0.0,bench/investigation/runs/2026-09-23-matrix-1.6/valkey/media_256k-0/result.json
grpc,mixed_1k_90r10w-0,1.6.0,1024,skew,mixed,1,3000,,6556.33269336739,5.762401781279932,0.15,0.17883719999999997,0.19437707999999995,,0,2700,2700,1.0,0,2764800,0,125.35733333333333,0.821884382886687,145.04296875,0.0,0.0,bench/investigation/runs/2026-09-23-matrix-fixed-1.6/grpc/mixed_1k_90r10w-0/result.json
memcached,mixed_1k_90r10w-0,1.6.45,1024,skew,mixed,1,3000,,24469.25492862378,21.506181089610745,0.0308955,0.07279105,0.08966808999999995,,0,2700,2700,1.0,0,2764800,0,18.261666666666667,0.4468493770882179,6.2890625,0.0,0.0,bench/investigation/runs/2026-09-23-matrix-1.6/memcached/mixed_1k_90r10w-0/result.json
redis,mixed_1k_90r10w-0,8.2.10,1024,skew,mixed,1,3000,,15383.566777367652,13.520712987920788,0.0678955,0.09808924999999998,0.14372258999999965,,0,2700,2700,1.0,0,2764800,0,29.674333333333333,0.45649708840720016,12.98046875,0.0,0.0,bench/investigation/runs/2026-09-23-matrix-1.6/redis/mixed_1k_90r10w-0/result.json
valkey,mixed_1k_90r10w-0,8.1.10,1024,skew,mixed,1,3000,,14404.525901956551,12.6602278435165,0.065709,0.08954404999999999,0.11366601,,0,2700,2700,1.0,0,2764800,0,30.470333333333333,0.4389107057412501,11.0703125,0.0,0.0,bench/investigation/runs/2026-09-23-matrix-1.6/valkey/mixed_1k_90r10w-0/result.json
grpc,near_limit-0,1.6.0,4193000,uniform,hit,1,20,,233.6412214580571,934.274331639894,4.18575,5.06315,5.5005299999999995,,0,20,20,1.0,0,83860000,0,5426.6,1.2678774523642926,161.4296875,0.0,0.0,bench/investigation/runs/2026-09-23-matrix-fixed-1.6/grpc/near_limit-0/result.json
memcached,near_limit-0,1.6.45,4193000,uniform,hit,1,20,,445.5537842892775,1781.6610503434567,2.1289585,2.439270800000001,3.484586959999998,,0,20,20,1.0,0,83860000,0,1743.6,0.7768675782867842,14.28515625,0.0,0.0,bench/investigation/runs/2026-09-23-matrix-1.6/memcached/near_limit-0/result.json
memcached_extstore,near_limit-0,1.6.45,4193000,uniform,hit,1,20,,500.3810151453855,2000.901791100122,1.956917,2.21356875,2.22411375,,0,20,20,1.0,0,83860000,0,2953.25,1.4777502329781098,14.421875,0.0,0.0,bench/investigation/runs/2026-09-23-matrix-fixed-1.6/memcached_extstore/near_limit-0/result.json
redis,near_limit-0,8.2.10,4193000,uniform,hit,1,20,,330.71084045808,1322.4320927054687,2.868875,3.17828125,3.18825625,,0,20,20,1.0,0,83860000,0,1717.35,0.5679462618606836,24.12109375,0.0,0.0,bench/investigation/runs/2026-09-23-matrix-1.6/redis/near_limit-0/result.json
valkey,near_limit-0,8.1.10,4193000,uniform,hit,1,20,,338.912206726977,1355.2273586332458,2.7823124999999997,3.01838785,3.0844447699999997,,0,20,20,1.0,0,83860000,0,1688.7,0.572321043499846,22.6875,0.0,0.0,bench/investigation/runs/2026-09-23-matrix-1.6/valkey/near_limit-0/result.json
grpc,origin_onepass_64k-0,1.6.0,65536,one_pass,origin,1,450,,116.7575708334899,0.0,8.521999999999998,9.8333753,11.591564089999997,,0,0,450,0.0,450,0,0,1038.5933333333332,0.12126363468385705,177.80859375,0.0,0.0,bench/investigation/runs/2026-09-23-matrix-fixed-1.6/grpc/origin_onepass_64k-0/result.json
memcached,origin_onepass_64k-0,1.6.45,65536,one_pass,origin,1,450,,156.3422649531822,0.0,6.12275,7.318227749999997,10.495124329999964,,0,0,450,0.0,450,0,0,244.85777777777778,0.03828161956918074,39.12890625,0.0,0.0,bench/investigation/runs/2026-09-23-matrix-1.6/memcached/origin_onepass_64k-0/result.json
memcached_extstore,origin_onepass_64k-0,1.6.45,65536,one_pass,origin,1,450,,151.68626455134887,0.0,6.4447915,7.87284155,8.382870339999998,,0,0,450,0.0,450,0,0,330.02222222222224,0.05005983810782405,39.796875,0.0,0.0,bench/investigation/runs/2026-09-23-matrix-fixed-1.6/memcached_extstore/origin_onepass_64k-0/result.json
redis,origin_onepass_64k-0,8.2.10,65536,one_pass,origin,1,450,,129.3225570017359,0.0,7.724,8.869572799999998,10.059836999999998,,0,0,450,0.0,450,0,0,456.68444444444447,0.05905960009847276,44.97265625,0.0,0.0,bench/investigation/runs/2026-09-23-matrix-1.6/redis/origin_onepass_64k-0/result.json
valkey,origin_onepass_64k-0,8.1.10,65536,one_pass,origin,1,450,,132.21016547440937,0.0,7.2372499999999995,9.633310199999997,13.66857317,,0,0,450,0.0,450,0,0,416.4422222222222,0.05505789511053076,43.85546875,0.0,0.0,bench/investigation/runs/2026-09-23-matrix-1.6/valkey/origin_onepass_64k-0/result.json
grpc,origin_shift_64k-0,1.6.0,65536,hot_shift,origin,1,3300,,1068.8483115695872,61.053911130565815,0.212042,7.625470549999994,9.347024079999995,,0,3016,3300,0.9139393939393939,284,197656576,0,247.0112121212121,0.26401751701451476,172.06640625,0.0,0.0,bench/investigation/runs/2026-09-23-matrix-fixed-1.6/grpc/origin_shift_64k-0/result.json
memcached,origin_shift_64k-0,1.6.45,65536,hot_shift,origin,1,3300,,1539.1107267542388,87.91587030096183,0.0772295,6.11225445,7.160538419999995,,0,3016,3300,0.9139393939393939,284,197656576,0,93.97181818181818,0.14463303337623537,33.8984375,0.0,0.0,bench/investigation/runs/2026-09-23-matrix-1.6/memcached/origin_shift_64k-0/result.json
memcached_extstore,origin_shift_64k-0,1.6.45,65536,hot_shift,origin,1,3300,,1409.246499650854,80.49786823763212,0.11143700000000001,6.21630145,7.36113542,,0,3016,3300,0.9139393939393939,284,197656576,0,94.67969696969698,0.13342703154254903,34.484375,0.0,0.0,bench/investigation/runs/2026-09-23-matrix-fixed-1.6/memcached_extstore/origin_shift_64k-0/result.json
redis,origin_shift_64k-0,8.2.10,65536,hot_shift,origin,1,3300,,1260.0531392353605,71.97576265026225,0.1172705,7.3220806,8.313289589999998,,0,3016,3300,0.9139393939393939,284,197656576,0,97.13363636363637,0.12239354342534596,39.34375,0.0,0.0,bench/investigation/runs/2026-09-23-matrix-1.6/redis/origin_shift_64k-0/result.json
valkey,origin_shift_64k-0,8.1.10,65536,hot_shift,origin,1,3300,,1286.1218983345427,73.46484176850342,0.1129165,7.142201799999994,8.05953583,,0,3016,3300,0.9139393939393939,284,197656576,0,87.33121212121212,0.11231858431718997,38.21484375,0.0,0.0,bench/investigation/runs/2026-09-23-matrix-1.6/valkey/origin_shift_64k-0/result.json
grpc,origin_skew_64k-0,1.6.0,65536,skew,origin,1,3300,,399.4308129314017,18.239160795030482,0.5350205,8.683999699999998,9.650677329999999,,0,2411,3300,0.7306060606060606,889,158007296,0,422.2063636363636,0.16864223105208373,214.4609375,0.0,0.0,bench/investigation/runs/2026-09-23-matrix-fixed-1.6/grpc/origin_skew_64k-0/result.json
memcached,origin_skew_64k-0,1.6.45,65536,skew,origin,1,3300,,532.149116855214,24.299460620036378,0.184979,7.0324503,7.642167669999999,,0,2411,3300,0.7306060606060606,889,158007296,0,103.71878787878788,0.055193861370990235,75.89453125,0.0,0.0,bench/investigation/runs/2026-09-23-matrix-1.6/memcached/origin_skew_64k-0/result.json
memcached_extstore,origin_skew_64k-0,1.6.45,65536,skew,origin,1,3300,,518.683700473928,23.6845909439894,0.12822899999999998,7.101576799999999,7.65568492,,0,2411,3300,0.7306060606060606,889,158007296,0,147.76272727272726,0.07664211817393797,76.47265625,0.0,0.0,bench/investigation/runs/2026-09-23-matrix-fixed-1.6/memcached_extstore/origin_skew_64k-0/result.json
redis,origin_skew_64k-0,8.2.10,65536,skew,origin,1,3300,,431.510263122661,19.704000840695752,0.327125,8.273968749999998,9.121255919999998,,0,2411,3300,0.7306060606060606,889,158007296,0,223.80212121212122,0.0965729122116521,82.6484375,0.0,0.0,bench/investigation/runs/2026-09-23-matrix-1.6/redis/origin_skew_64k-0/result.json
valkey,origin_skew_64k-0,8.1.10,65536,skew,origin,1,3300,,424.1687609294791,19.36876671592754,0.3465,8.30365865,9.166121999999966,,0,2411,3300,0.7306060606060606,889,158007296,0,202.4530303030303,0.08587425101005464,81.72265625,0.0,0.0,bench/investigation/runs/2026-09-23-matrix-1.6/valkey/origin_skew_64k-0/result.json
grpc,origin_skew_64k-1,1.6.0,65536,skew,origin,1,3300,,405.5102243184726,18.51676422029995,0.5329585,8.543177400000001,9.49858158,,0,2411,3300,0.7306060606060606,889,158007296,0,410.11424242424243,0.166305518441655,214.19921875,0.0,0.0,bench/investigation/runs/2026-09-23-matrix-fixed-1.6/grpc/origin_skew_64k-1/result.json
memcached,origin_skew_64k-1,1.6.45,65536,skew,origin,1,3300,,505.9879130957485,23.104864743822912,0.2567915,7.325163949999999,7.867048749999996,,0,2411,3300,0.7306060606060606,889,158007296,0,125.73939393939393,0.06362261353331815,76.0859375,0.0,0.0,bench/investigation/runs/2026-09-23-matrix-1.6/memcached/origin_skew_64k-1/result.json
memcached_extstore,origin_skew_64k-1,1.6.45,65536,skew,origin,1,3300,,522.2159050520401,23.84588157349372,0.1820205,7.087845799999999,7.767381159999995,,0,2411,3300,0.7306060606060606,889,158007296,0,156.30363636363637,0.08162424492656131,76.36328125,0.0,0.0,bench/investigation/runs/2026-09-23-matrix-fixed-1.6/memcached_extstore/origin_skew_64k-1/result.json
redis,origin_skew_64k-1,8.2.10,65536,skew,origin,1,3300,,429.9424189063199,19.63240856028669,0.3489995,8.2933601,9.097161079999987,,0,2411,3300,0.7306060606060606,889,158007296,0,219.92727272727274,0.09455606361983356,83.81640625,0.0,0.0,bench/investigation/runs/2026-09-23-matrix-1.6/redis/origin_skew_64k-1/result.json
valkey,origin_skew_64k-1,8.1.10,65536,skew,origin,1,3300,,440.8013423990476,20.128258267501966,0.314396,8.18068095,8.93313625,,0,2411,3300,0.7306060606060606,889,158007296,0,186.26909090909092,0.0821076653201775,81.8671875,0.0,0.0,bench/investigation/runs/2026-09-23-matrix-1.6/valkey/origin_skew_64k-1/result.json
grpc,origin_uniform_64k-0,1.6.0,65536,uniform,origin,1,3300,,228.65742875653288,7.292786174734875,1.2578335,9.214720799999998,10.111440499999993,,0,1684,3300,0.5103030303030303,1616,110362624,0,618.1360606060606,0.1413414022398742,230.6015625,0.0,0.0,bench/investigation/runs/2026-09-23-matrix-fixed-1.6/grpc/origin_uniform_64k-0/result.json
memcached,origin_uniform_64k-0,1.6.45,65536,uniform,origin,1,3300,,311.1003429121848,10.110761144646006,0.423771,7.273745549999999,7.764244589999997,,0,1716,3300,0.52,1584,112459776,0,138.35636363636362,0.043042712171355656,99.890625,0.0,0.0,bench/investigation/runs/2026-09-23-matrix-1.6/memcached/origin_uniform_64k-0/result.json
memcached_extstore,origin_uniform_64k-0,1.6.45,65536,uniform,origin,1,3300,,297.32294908922285,10.164165210341805,0.612167,7.710738149999999,9.863772169999992,,0,1805,3300,0.546969696969697,1495,118292480,0,351.1269696969697,0.10439810613506521,107.6796875,0.0,0.0,bench/investigation/runs/2026-09-23-extstore-proof/memcached_extstore/origin_uniform_64k-0/result.json
redis,origin_uniform_64k-0,8.2.10,65536,uniform,origin,1,3300,,242.3736198382035,7.340064737145594,6.3820835,8.398358649999999,9.192864589999997,,0,1599,3300,0.48454545454545456,1701,104792064,0,269.2321212121212,0.06525476379489979,94.08984375,0.0,0.0,bench/investigation/runs/2026-09-23-matrix-1.6/redis/origin_uniform_64k-0/result.json
valkey,origin_uniform_64k-0,8.1.10,65536,uniform,origin,1,3300,,238.35729128273806,7.236491248602824,6.454854,8.624157699999998,9.932970089999994,,0,1603,3300,0.4857575757575758,1697,105054208,0,291.00666666666666,0.06936356081188533,92.7421875,0.0,0.0,bench/investigation/runs/2026-09-23-matrix-1.6/valkey/origin_uniform_64k-0/result.json
grpc,origin_uniform_64k-1,1.6.0,65536,uniform,origin,1,3300,,221.07124853033034,7.050833002368869,1.5209795,9.606237499999999,11.45252542,,0,1684,3300,0.5103030303030303,1616,110362624,0,676.2627272727273,0.14950224545270807,230.5546875,0.0,0.0,bench/investigation/runs/2026-09-23-matrix-fixed-1.6/grpc/origin_uniform_64k-1/result.json
memcached,origin_uniform_64k-1,1.6.45,65536,uniform,origin,1,3300,,300.8802215322071,9.7843056888409,0.736479,7.493795499999999,8.031392909999994,,0,1717,3300,0.5203030303030303,1583,112525312,0,153.57,0.04620617562070105,100.01171875,0.0,0.0,bench/investigation/runs/2026-09-23-matrix-1.6/memcached/origin_uniform_64k-1/result.json
memcached_extstore,origin_uniform_64k-1,1.6.45,65536,uniform,origin,1,3300,,311.1166515393796,10.635711288420078,0.5707495,7.4900875,8.00409309,,0,1805,3300,0.546969696969697,1495,118292480,0,253.94575757575757,0.07900675376960073,107.37890625,0.0,0.0,bench/investigation/runs/2026-09-23-extstore-proof/memcached_extstore/origin_uniform_64k-1/result.json
redis,origin_uniform_64k-1,8.2.10,65536,uniform,origin,1,3300,,238.59006780210433,7.230002054609222,6.336646,8.597316349999998,9.788759999999991,,0,1600,3300,0.48484848484848486,1700,104857600,0,317.4109090909091,0.07573109032112757,94.09765625,0.0,0.0,bench/investigation/runs/2026-09-23-matrix-1.6/redis/origin_uniform_64k-1/result.json
valkey,origin_uniform_64k-1,8.1.10,65536,uniform,origin,1,3300,,237.3054155933634,7.1056792055512785,6.5093955,8.513458349999999,9.693777409999978,,0,1581,3300,0.47909090909090907,1719,103612416,0,287.89181818181817,0.06831828755956537,92.5,0.0,0.0,bench/investigation/runs/2026-09-23-matrix-1.6/valkey/origin_uniform_64k-1/result.json
grpc,pipeline_1k_16-0,,1024,uniform,hit,1,3200,200,6214.314710460397,6.068666709433981,2.57575,2.8463917,2.9606306599999987,,0,0,3200,,,,0,124.226875,0.771984896747025,145.05859375,0.0,0.0,bench/investigation/runs/2026-09-23-matrix-fixed-1.6/grpc/pipeline_1k_16-0/result.json
